epoch,loss,val_acc,val_loss
0,3.3503682613372803,0.276171875,4.982028961181641
1,0.3988316059112549,0.891796875,0.3411252498626709
